obs,sp500,divyld,i3,ip,pcsp
1947M01,15.21,4.49,0.38,22.4,NA
1947M02,15.8,4.38,0.38,22.5,46.54833
1947M03,15.16,4.61,0.38,22.6,-48.60762
1947M04,14.6,4.75,0.38,22.5,-44.32714
1947M05,14.34,5.05,0.38,22.6,-21.36988
1947M06,14.84,5.03,0.38,22.6,41.841
1947M07,15.77,4.81,0.64,22.4,75.20218
1947M08,15.46,4.97,0.74,22.6,-23.58912
1947M09,15.06,5.16,0.79,22.7,-31.04784
